,BAD,DEBTINC,DELINQ,DEROG,VALUE,CLAGE
0,0,28.749890366,0,0.0,89082.0,217.32115468
1,0,41.447505948,1,0.0,194992.0,337.68997169999994
2,0,29.964687389,0,0.0,63601.0,153.73539865
3,0,38.251392033,0,0.0,37391.0,217.74427464
4,1,43.159875328999995,1,0.0,81922.0,120.88581123
5,0,25.897316481999997,0,0.0,113714.0,193.63644686
6,1,44.578500055,1,4.0,36392.0,124.24789861
7,0,40.189421966,0,0.0,108232.0,199.33328593
8,0,33.43055804,0,0.0,131800.0,177.05003605
9,1,38.121518334,0,0.0,122352.0,58.861027463
10,0,37.236507841,0,0.0,301984.0,150.91736328
11,1,40.545680998,1,3.0,92158.0,174.89210564
12,1,40.628278175,2,0.0,41856.0,157.96001139
13,0,38.641804544,1,0.0,95329.0,294.16422462
14,1,60.295413493999995,1,0.0,109762.0,130.96956536
15,0,29.466721027,0,0.0,129752.0,181.0272753
16,0,39.959108765,1,0.0,86885.0,307.9748816
17,1,39.070153046,0,0.0,65481.0,91.71529252100001
18,1,34.558416715,0,0.0,305514.0,11.148068505
19,0,39.244669483,0,0.0,117279.0,145.96234363
20,0,38.092730303,1,0.0,97555.0,130.45076488
21,0,36.176091839,0,0.0,98587.0,153.57813544
22,0,38.582669884,0,0.0,123415.0,139.01844935
23,0,29.599780196999998,0,0.0,33926.0,28.523782719
24,1,46.701585238,0,0.0,160771.0,137.63537340000002
25,1,62.801732089,1,0.0,132791.0,212.99272796
26,1,41.03238603,1,0.0,102287.0,61.641325377
27,0,15.823615554000002,0,2.0,59309.0,355.13122911
28,1,38.191681736,4,1.0,95213.0,326.67959049
29,0,31.338764479,0,0.0,123691.0,127.06000805
30,1,41.693377223,0,0.0,85578.0,90.273079432
31,0,35.672273609,1,0.0,62357.0,92.94135781600001
32,1,46.996034288999994,0,1.0,108238.0,45.62588779
33,0,31.614679534,0,0.0,103427.0,122.15334415
34,1,34.144725947,0,0.0,58275.0,80.251800985
35,0,43.189031502,0,0.0,110479.0,196.92640591
36,0,40.892388427,0,0.0,131949.0,342.46805973
37,0,41.559303671,1,0.0,145650.0,231.01924428
38,0,34.446079222,0,0.0,96031.0,125.78740011
39,0,39.280512379,0,0.0,76475.0,60.503625209
40,0,19.408461231,1,0.0,30436.0,104.01163591
41,1,19.089300996,2,2.0,55320.0,234.02181639
42,1,38.211305102,0,2.0,84865.0,94.80523574899999
43,1,42.677450653,0,2.0,87358.0,104.40647219
44,1,43.06260476,1,0.0,76464.0,122.08949983
45,0,37.838273531,0,0.0,88690.0,129.15261505
46,1,31.209731085999998,0,0.0,135317.0,219.61525186
47,0,18.347529385,0,0.0,103426.0,202.15263385
48,0,38.425881111,1,0.0,53683.0,129.75806208
49,0,19.493871984000002,0,1.0,155034.0,215.42240638
50,1,36.211347998,0,3.0,67996.0,122.20466276
51,0,30.222959942,0,1.0,106493.0,204.07440932
52,0,35.565296678,1,0.0,94656.0,136.55562165
53,1,55.962022219,0,0.0,88231.0,122.46327196
54,1,37.362645,0,0.0,96794.0,85.529362471
55,1,41.966249467,1,2.0,90031.0,90.425474601
56,1,23.977112224000003,0,0.0,131940.0,202.38516993
57,1,36.051487179,0,0.0,86209.0,118.06964742
58,1,38.289202295,2,1.0,135917.0,138.01100827
59,0,20.487979653,0,0.0,96073.0,194.00548665
60,0,28.495004811999998,0,0.0,57048.0,99.376132515
61,1,37.51836575,0,0.0,72172.0,162.04401039
62,1,31.222802648000002,0,0.0,149975.0,114.21361486
63,1,69.480650392,0,3.0,93707.0,162.57983695
64,0,34.499938365,0,0.0,116601.0,226.11638661
65,0,37.272271308,0,0.0,183284.0,323.26238295
66,1,53.548195848999995,0,0.0,47027.0,159.10522518
67,1,36.995645841999995,0,0.0,75278.0,199.80175424
68,1,35.015748716,0,2.0,78040.0,120.09014303
69,1,47.830671133,0,0.0,110216.0,376.72364282
70,1,39.687089435,1,1.0,144460.0,107.67138171
71,0,27.029438966999997,0,0.0,113564.0,265.18462525
72,1,40.01910455,1,0.0,66603.0,80.38898294
73,0,36.776263557,0,0.0,207314.0,144.62241831
74,0,18.510551331,1,0.0,117325.0,241.05607809
75,1,34.756560384000004,0,0.0,157335.0,85.57486575600001
76,0,24.355759583,0,2.0,35684.0,122.29444677
77,0,34.816959504,0,0.0,92299.0,60.294143175
78,1,41.563100649,0,0.0,220843.0,217.12816724
79,1,23.082905341999997,0,0.0,40300.0,109.53563552
80,1,78.654386048,3,0.0,113294.0,188.50461695
81,0,29.808589765,0,0.0,97939.0,144.36621588
82,1,36.417342575999996,2,0.0,206148.0,196.03365793
83,1,38.588222396999996,2,0.0,131510.0,122.60405287
84,0,34.117532893,0,0.0,170042.0,232.64617336
85,1,34.702330738,2,0.0,157399.0,70.88414409399999
86,0,28.828649308000003,1,0.0,78062.0,192.59685455
87,0,30.63902291,1,0.0,44165.0,206.71765119
88,1,6.887024126799999,2,0.0,132396.0,303.95191452
89,0,25.701205603000002,0,0.0,64516.0,246.17972137
90,0,41.473971731,0,0.0,115061.0,97.8638453
91,1,35.73055919,6,0.0,164317.0,192.28914897
92,1,27.744055511,0,0.0,103374.0,259.31975498
93,0,20.470915508,0,0.0,63989.0,204.27249884
94,1,32.761083981,0,0.0,172125.0,101.94351853
95,0,43.310856295,0,0.0,178045.0,212.60407973
96,1,27.146885648,0,10.0,27781.0,190.57709682
97,1,32.560359399,0,0.0,137727.0,300.57451085
98,1,41.646731499,1,1.0,297280.0,160.48525117
99,0,25.196524185,0,0.0,71282.0,202.11256819999997
100,1,43.338556593,1,0.0,101916.0,194.23495289
101,0,29.753700283,0,1.0,33438.0,10.42564285
102,1,47.915112415,0,0.0,162365.0,149.80279545
103,0,37.821851509,0,0.0,62245.0,276.78774402
104,0,24.797958173,0,0.0,115760.0,261.81405582
105,1,25.650741224,0,1.0,141875.0,157.85980209
106,1,22.459624386999998,0,0.0,68872.0,60.390652294
107,1,30.187805389,0,0.0,46833.0,83.289062746
108,0,33.722769149,0,0.0,177940.0,196.87675772
109,1,45.87591690399999,4,0.0,89079.0,323.80857327
110,1,36.681652146,2,0.0,46195.0,122.38915525
111,1,35.635393849,0,0.0,69136.0,169.98530778
112,1,36.925736414,0,0.0,74582.0,134.03176787
113,0,31.375542416,0,0.0,101053.0,55.55804904399999
114,1,36.178121999999995,1,0.0,165267.0,169.7373629
115,1,38.436490085,0,0.0,42289.0,100.61642113
116,0,33.383314175,0,0.0,95667.0,230.45755435
117,1,38.149059231,7,2.0,212505.0,183.54803969999998
118,0,23.160040591999998,0,0.0,69427.0,202.54621956
119,0,34.913793440999996,0,0.0,102739.0,250.56135691
120,0,18.430472375,0,0.0,82386.0,262.39425427
121,1,45.743949058999995,0,2.0,114208.0,83.052647472
122,1,52.734860612,0,0.0,119535.0,105.21929675
123,1,34.530438587,7,0.0,100072.0,122.79944314
124,1,36.395148149,4,0.0,82646.0,87.859169291
125,1,46.305072149,0,2.0,147364.0,149.25448005
126,1,22.50324916,0,1.0,108175.0,82.104836481
127,1,40.206138263,0,0.0,157809.0,1168.2335609000002
128,0,28.709192906,0,0.0,45819.0,73.455765867
129,1,43.717499442,0,0.0,61917.0,259.36069753
130,1,43.730031851999996,0,0.0,511164.0,181.96240081
131,0,41.492816338000004,0,0.0,91652.0,163.99161436
132,1,41.286491948000005,0,0.0,31960.0,117.79510387
133,0,25.401570002,0,0.0,87188.0,115.80866085
134,0,36.46436586,0,0.0,67458.0,68.931110225
135,0,37.923088094,0,0.0,52554.0,229.51274114
136,0,30.353548699999997,1,0.0,68758.0,103.68385576
137,1,39.840875348000004,0,0.0,80611.0,103.10650454
138,0,29.549283511,0,0.0,129679.0,179.127926
139,0,33.005016664,0,0.0,140092.0,163.56250439
140,1,39.196149463000005,2,0.0,92587.0,134.63357916
141,1,40.048440044,0,0.0,171709.0,328.51412138
142,0,30.199399523,0,0.0,82226.0,320.34954262
143,1,41.441548663,0,0.0,156552.0,107.29489960000001
144,1,37.162689687,7,0.0,108092.0,126.65823161
145,1,60.645756258999995,0,0.0,104627.0,9.0485150864
146,1,33.227763077,0,0.0,115721.0,280.34372010000004
147,0,22.540680116,0,0.0,60640.0,255.52746026
148,0,21.260894854,2,0.0,75898.0,399.35570145
149,0,36.159805919,0,0.0,45550.0,109.28434579
150,1,27.34759661,2,5.0,108606.0,113.25750907
151,0,38.109978597,0,0.0,123792.0,310.61455492
152,0,38.600764985,0,0.0,190303.0,179.71924547
153,0,38.590366936,1,0.0,58563.0,91.446465165
154,0,36.071271567,0,0.0,99320.0,166.86109892
155,1,31.570298921,0,0.0,72654.0,62.088605958
156,1,28.382337015,1,2.0,79416.0,107.26951261
157,1,28.622632091999996,0,0.0,104953.0,51.648705242
158,1,33.272297524,2,7.0,215548.0,136.5300202
159,1,47.079285365,0,0.0,65160.0,108.27542318
160,0,32.656531297,0,3.0,80147.0,244.23353012
161,0,36.107340903,0,0.0,94396.0,110.29408781
162,1,40.375372412,1,0.0,137076.0,163.59204517
163,1,24.478881191,0,0.0,45960.0,146.12324219
164,1,51.517385302,0,1.0,82410.0,85.77380757
165,0,33.224319129,0,1.0,101678.0,125.70170443
166,0,26.568270399999996,0,3.0,97404.0,188.50167197
167,0,26.767768842,0,0.0,91187.0,80.582655587
168,1,43.1146909,0,0.0,299171.0,232.27006776
169,0,33.676739548,0,0.0,43823.0,56.127339168
170,1,38.632967001,0,0.0,69131.0,209.19880045
171,1,12.386741311,0,0.0,50681.0,326.06798565
172,1,35.404638874,0,2.0,43962.0,177.90470706
173,1,32.36849777,3,7.0,206368.0,141.02742652
174,0,24.089437148000002,0,0.0,36672.0,120.67492799
175,1,29.633608474000003,0,0.0,60493.0,91.93263226399999
176,1,35.764058362,0,0.0,58088.0,101.53190790000001
177,1,54.241334736999995,0,1.0,84624.0,88.126516775
178,1,38.372460882,0,2.0,63752.0,138.23477796
179,0,25.329250867,0,0.0,97317.0,82.39838379
180,1,53.848219887,0,1.0,82690.0,89.189005469
181,1,72.670433313,0,0.0,39527.0,157.77103572
182,1,40.921433336999996,0,3.0,88659.0,164.24893233
183,0,28.756345434,1,0.0,74776.0,126.32864372
184,1,65.143593455,0,0.0,83558.0,65.88287939199999
185,1,33.243156978,0,0.0,23031.0,101.74676644
186,1,36.174955236,1,0.0,56529.0,78.833617625
187,1,21.862938911,0,0.0,324987.0,152.24542792
188,1,25.343478449000003,0,0.0,45654.0,83.333291772
189,1,44.065428782,1,0.0,103535.0,116.89898988
190,0,32.881846931,2,1.0,92271.0,113.22840343
191,0,37.466977302,0,0.0,62208.0,111.98065696
192,0,19.762113701,0,0.0,63895.0,208.16271401
193,1,17.805848892,5,1.0,95541.0,248.40487821
194,1,42.319370391999996,1,0.0,100333.0,80.148943035
195,0,32.012392305,1,0.0,40908.0,198.83120375
196,0,36.665318539,0,0.0,87260.0,103.69281836
197,0,24.26256802,1,0.0,95498.0,161.66099425
198,1,44.91516055100001,0,0.0,121214.0,134.00383024
199,0,28.167074696999997,0,0.0,86558.0,92.11150428100001
200,1,43.874079431999995,0,0.0,128659.0,83.323113419
201,0,38.682676037,0,0.0,59874.0,114.23595157
202,1,30.962076653,0,0.0,58760.0,147.91098236
203,1,23.31951678,6,3.0,32559.0,227.12990511
204,1,27.548831204000003,0,0.0,82649.0,94.64512360299999
205,0,23.265224918,0,0.0,54024.0,118.15409152
206,1,48.340234736999996,0,1.0,148356.0,110.74174156
207,0,23.062913801999997,0,0.0,70118.0,255.71956727
208,1,13.417822254,0,0.0,44083.0,333.91337361
209,0,29.655713203,0,0.0,86584.0,102.97207872
210,0,33.231300882,0,0.0,156126.0,165.09073496
211,0,31.177261304,0,0.0,80355.0,335.07414261
212,0,31.808242985,0,0.0,95949.0,78.949070691
213,0,41.336626730999996,1,0.0,43028.0,210.18900524
214,1,38.512308689,0,0.0,101683.0,254.19179745
215,1,71.512110567,0,0.0,53907.0,200.41702708
216,0,33.789192331,0,0.0,183593.0,367.09848754
217,1,44.471099035,0,0.0,297444.0,237.58980224
218,1,47.840295122,1,2.0,95605.0,85.04333493
219,0,26.87488997,0,0.0,86703.0,183.20620747
220,0,37.784523666,0,0.0,61824.0,119.47307291
221,1,38.591939971,0,3.0,209695.0,159.70677027
222,1,40.582913478,0,0.0,71711.0,71.23076168899999
223,1,32.397593406,0,0.0,70543.0,195.78086332
224,1,36.235665389,5,1.0,132304.0,206.12766482
225,0,24.52600298,0,0.0,84734.0,257.84572885
226,1,33.241218883,0,2.0,65125.0,12.176928574000002
227,1,37.10325125,0,0.0,75191.0,50.717534833
228,1,36.947798216,2,0.0,71810.0,82.708309337
229,0,20.01032357,0,0.0,95621.0,626.29709367
230,1,49.418114378,0,0.0,128780.0,60.377932903
231,1,69.8005248,0,6.0,208910.0,86.452226941
232,0,39.122996804,0,0.0,60478.0,105.13327106
233,0,39.469199606,0,0.0,175968.0,160.72975574
234,0,38.372223501,1,0.0,98964.0,125.79586391
235,0,27.633516483,0,0.0,99051.0,85.843161697
236,1,41.777888630999996,0,0.0,92661.0,97.13317095200001
237,1,35.212181264,1,0.0,65501.0,70.33753056399999
238,0,28.171777473000002,0,0.0,103063.0,127.56618833
239,0,22.168244524000002,2,0.0,69113.0,403.51499966
240,1,34.068268927,0,9.0,103546.0,39.985829576
241,1,16.397160872,6,0.0,92297.0,238.36963726
242,0,32.988531805,0,0.0,125062.0,278.691315
243,0,22.175263227,0,0.0,68912.0,250.92750292
244,0,25.33037232,0,0.0,206030.0,188.75246946
245,1,3.0161414514,0,3.0,78408.0,129.96775559
246,1,41.441052018,2,0.0,73223.0,197.12004536
247,0,34.947076581,1,1.0,52910.0,224.48075013
248,0,40.138090445,1,0.0,117186.0,203.13996827
249,1,37.800352933,0,0.0,70434.0,127.06270157
250,0,23.397634628000002,0,0.0,59323.0,83.34671188
251,1,20.342467722000002,1,0.0,39431.0,82.335287775
252,1,43.797459562,0,0.0,122021.0,139.98397675
253,0,36.394795447,3,1.0,73181.0,179.09616602
254,0,35.761604731,1,0.0,99913.0,196.46499893
255,0,38.255862021999995,1,0.0,61492.0,90.23032976200001
256,0,38.873711304000004,0,0.0,65458.0,99.993789825
257,0,36.42433271,0,0.0,48905.0,48.710053215
258,1,30.424481104,0,0.0,150896.0,123.47953770000001
259,0,37.253150854,0,0.0,110046.0,111.12339734
260,0,36.034644558000004,0,0.0,100700.0,169.68903889
261,1,26.956697895999998,0,0.0,105798.0,41.807204596
262,0,34.19175206,0,0.0,179521.0,186.8053299
263,0,36.72874424,3,0.0,70095.0,212.38692445
264,0,36.02366277,0,0.0,76573.0,199.87564576
265,1,36.97971203,0,0.0,75189.0,95.676872691
266,0,40.398114335,0,0.0,239546.0,134.85324273
267,1,32.142468978000004,0,0.0,82248.0,173.07296854
268,1,45.464765837,0,0.0,66802.0,94.598425262
269,1,35.72928694,1,0.0,59841.0,201.17678326
270,0,32.652022631,2,0.0,108628.0,181.72253428
271,1,31.24524851,0,0.0,45956.0,214.44322999999997
272,0,18.735147443,0,0.0,211014.0,234.35128879
273,0,21.855494126,0,0.0,66042.0,204.48458275
274,0,27.644954624,0,2.0,102223.0,176.418283
275,0,36.968814443,0,0.0,109250.0,187.13281076
276,0,38.766985071,0,2.0,87361.0,290.03410799
277,0,33.336960792,0,0.0,135792.0,178.66176401
278,0,17.617908723,0,0.0,52457.0,317.24400167
279,1,40.852927503000004,0,0.0,61808.0,46.946164052
280,0,26.932707601,1,0.0,78444.0,123.7385166
281,1,41.262353472,0,0.0,72322.0,105.07480159
282,1,40.736021938,0,1.0,133075.0,166.12608913
283,0,24.720831083,0,0.0,102295.0,107.42060929
284,0,30.587966984,0,0.0,69860.0,180.93148775
285,0,40.851444098,0,0.0,104114.0,224.4829394
286,1,36.763824165,2,0.0,126389.0,307.40290366
287,1,22.043933841999998,1,0.0,167475.0,202.60380291
288,1,41.428597508,2,0.0,42495.0,171.52648922
289,0,40.845077791,0,0.0,110253.0,192.42260626
290,1,36.996385659,0,0.0,107374.0,97.861325762
291,0,26.275832415,0,3.0,33269.0,124.19682654
292,0,27.707443895999997,0,0.0,124217.0,159.99402639
293,1,35.086070551,0,1.0,43740.0,167.65798082
294,0,23.01985524,0,1.0,74829.0,195.5596417
295,0,39.932750126,0,0.0,102048.0,278.71470424
296,1,58.13218289899999,0,1.0,29412.0,62.050110801
297,1,48.569574036999995,1,0.0,102087.0,126.64101955
298,1,64.27247689800001,2,0.0,91223.0,112.71036806
299,0,29.381985445,1,0.0,71167.0,130.76703495
300,0,28.817515455,0,0.0,168901.0,134.73402354
301,0,36.773458722,0,0.0,112630.0,122.81558408
302,0,42.334245998,0,0.0,250164.0,97.27834927100001
303,1,91.612599977,6,2.0,167164.0,111.58860329
304,0,34.285741431999995,0,0.0,108280.0,148.11499352
305,1,62.110721871,0,0.0,83694.0,55.937512295
306,0,33.550265214,0,0.0,71942.0,233.67873071
307,0,41.512292086,0,0.0,72908.0,110.23090719
308,1,41.95642972,3,2.0,74447.0,208.08886428
309,0,40.817309246,0,0.0,180818.0,226.86114488
310,0,37.949593406999995,0,0.0,196270.0,195.55580104
311,1,31.353906935999998,0,0.0,68759.0,89.102838608
312,0,38.939650897,0,0.0,105522.0,278.44302157
313,1,5.762994871699999,2,0.0,136033.0,291.17166139
314,0,30.052323948,0,0.0,68667.0,185.27496096
315,0,31.181801354,1,0.0,69864.0,312.54739604
316,0,34.150319383,0,0.0,119128.0,328.17812369
317,0,27.29874318,0,0.0,85015.0,116.52526509
318,1,35.788437459,0,0.0,84013.0,39.221719253
319,0,35.554303677,0,0.0,54038.0,177.59367277
320,0,36.372531415,0,1.0,98353.0,126.24359740000001
321,0,42.341626391999995,0,0.0,109090.0,405.43042921
322,1,39.272466343000005,3,0.0,92427.0,181.30579978
323,1,72.264093333,0,0.0,69774.0,91.99164592
324,0,37.610845011,0,0.0,107834.0,118.13306488
325,1,42.373232999,0,0.0,92051.0,117.08978536
326,1,42.926580203,0,0.0,271676.0,146.86254129
327,1,35.364128433000005,0,0.0,98065.0,119.05781713
328,0,35.031650879000004,1,0.0,113698.0,181.54292704
329,1,143.94960495,0,1.0,131135.0,243.68060389
330,0,26.629077387,1,0.0,55549.0,203.8609299
331,1,34.629427656,0,0.0,70400.0,169.93066352
332,1,40.031393322,1,1.0,110485.0,126.77192888
333,1,28.030214206,0,2.0,86214.0,352.37913787
334,1,40.787975749,7,0.0,75957.0,259.46652785
335,1,32.012658582,2,1.0,68239.0,8.055265076900001
336,0,40.114411439,0,0.0,101401.0,145.79410614
337,0,29.96408198,0,0.0,45175.0,209.49409472
338,0,26.603511505,0,0.0,168243.0,146.3520808
339,0,28.885618181999998,0,0.0,69111.0,254.25961308
340,0,36.846466819,0,0.0,107044.0,66.758325469
341,0,41.225763159,0,0.0,97936.0,147.91420273
342,0,40.410051409,1,0.0,37079.0,216.6666372
343,1,0.8381175254000001,1,2.0,121543.0,107.04625061
344,0,31.25670012,0,0.0,68591.0,237.83915914
345,0,37.413774661,0,0.0,144712.0,129.51880811
346,1,40.590910018,2,1.0,65774.0,61.64250608
347,1,35.106719635,2,0.0,113658.0,212.12914517
348,1,58.826929601,0,0.0,169503.0,107.70992269999999
349,1,133.52827043,2,0.0,69327.0,110.4144797
350,1,114.0505277,6,0.0,86172.0,235.63790564
351,1,24.662276673,6,3.0,35910.0,234.90075082
352,0,37.411200653,0,0.0,91364.0,75.563803334
353,1,47.61976352600001,0,0.0,143433.0,227.93289343
354,0,39.876503701,0,0.0,117311.0,85.797248152
355,0,40.430695412,0,0.0,70236.0,179.08237426
356,1,36.080031774,0,1.0,89107.0,148.84473761
357,1,30.278929391,0,0.0,193666.0,260.25108099
358,1,31.458500529000002,0,0.0,76571.0,29.058670234
359,1,41.270682597,0,0.0,94854.0,108.47902378
360,1,32.908823864,1,0.0,90956.0,233.15612479
361,1,35.96802437,0,0.0,116468.0,312.80792835
362,1,28.600252229000002,3,0.0,79009.0,295.33466966
363,0,34.222246713000004,0,0.0,42328.0,38.699227219
364,0,33.581116502,0,0.0,107590.0,78.299273534
365,1,36.884894093,0,0.0,43034.0,88.766029879
366,1,23.477426284,0,0.0,83828.0,132.16026989
367,1,26.634347518000002,0,0.0,21144.0,129.71732313
368,0,40.108259064,0,0.0,106389.0,278.68039442
369,0,37.740918996,0,0.0,267675.0,229.30702576
370,1,34.792831648,0,0.0,63589.0,130.34246718
371,1,46.902324378,6,0.0,91842.0,142.33207559
372,0,39.720488984,0,0.0,103864.0,118.53458669
373,1,37.113613558000004,0,0.0,40320.0,101.46600191
374,0,33.016153118000005,0,0.0,89720.0,204.58793388
375,0,40.270607618,2,0.0,105352.0,54.437325617
376,1,45.35478869600001,5,3.0,61738.0,141.70313333
377,1,31.539013395,0,0.0,54146.0,144.42288892
378,1,18.11489583,1,0.0,106273.0,97.2311228
379,0,35.98492935,0,0.0,63646.0,120.64455858
380,0,34.950823101,0,2.0,80424.0,65.847530367
381,0,30.938977447,0,0.0,268436.0,243.29543026
382,0,23.282933391999997,0,2.0,99544.0,54.945678873
383,1,37.479410286,1,0.0,36721.0,115.75209332
384,0,39.990188361,0,0.0,59247.0,89.340627109
385,1,31.809085920999998,0,0.0,73249.0,109.21115611
386,0,43.12276156,0,0.0,147531.0,228.61035912
387,0,42.169926729000004,0,0.0,90727.0,143.10103259
388,1,39.740928127,0,0.0,46382.0,175.14431949
389,0,36.021100446,0,0.0,62005.0,185.65308797
390,0,35.968280746,1,0.0,67709.0,243.8307278
391,1,25.202706374,0,0.0,54049.0,251.35800302
392,0,37.075471865,0,0.0,57501.0,114.35918901
393,0,33.975814412,0,1.0,75893.0,85.62551998800001
394,0,39.75171656,0,0.0,68111.0,208.52292444
395,1,33.624133446,1,0.0,39660.0,354.23976343
396,0,37.183077798,0,0.0,103179.0,263.38940924
397,1,44.945929148999994,0,0.0,299772.0,112.74828189
398,0,25.557593336999997,0,0.0,88470.0,123.25705457
399,0,35.530613427,0,0.0,84178.0,202.69796289
400,0,32.783483568,0,0.0,65535.0,108.46940045
401,0,37.50722389,0,0.0,95734.0,75.955735269
402,0,39.54184797,0,0.0,94101.0,104.11336317
403,0,31.987636326999997,0,0.0,141859.0,162.32211917
404,1,47.914521113,1,8.0,49970.0,220.91726199
405,1,46.489874001000004,2,1.0,85202.0,148.34064549
406,0,38.454300022,1,0.0,60136.0,83.066750905
407,0,33.902320006,0,0.0,176467.0,191.90446359
408,1,49.20639579,0,0.0,70915.0,282.80165924
409,1,40.349929995,0,0.0,68885.0,83.69551611
410,0,31.369739388000003,0,0.0,270794.0,230.39857646
411,0,28.548603691999997,0,0.0,66410.0,176.00986434
412,0,34.757740199000004,0,0.0,118914.0,176.22191092
413,1,30.162214113,0,1.0,36811.0,228.03600011
414,1,30.776027864,2,0.0,75690.0,288.39505854
415,1,27.646036576,4,0.0,105848.0,186.71283572
416,0,35.577239252,0,0.0,190729.0,198.12333421
417,1,50.276214936,0,0.0,84979.0,174.59117080000001
418,0,29.151698162,0,0.0,39102.0,71.420815089
419,0,24.140153666999996,0,0.0,58191.0,80.13174641399999
420,1,40.372556541,0,0.0,76131.0,81.27415579699999
421,0,39.852146515,0,1.0,80691.0,273.88170516
422,0,35.980542351,0,0.0,128022.0,197.63347142
423,0,39.072589176,0,0.0,130522.0,137.94286922
424,1,47.41522865899999,0,0.0,79846.0,157.00977472
425,1,43.847543717,1,0.0,172184.0,214.73116034
426,1,47.000975215,3,0.0,81020.0,129.3624659
427,1,16.883031014,0,0.0,51057.0,80.822479691
428,1,42.929614185,0,0.0,67343.0,57.929415092
429,1,42.198282202,5,1.0,78045.0,74.09119603399999
430,0,31.435316117,0,0.0,183443.0,377.29103995
431,1,36.021508666,4,2.0,69965.0,112.51086544
432,1,44.858977323999994,0,2.0,70020.0,80.778941503
433,0,35.865466207,0,0.0,117694.0,137.14247311
434,0,35.158702571,0,0.0,57276.0,171.21281473
435,1,144.18900129,0,0.0,290239.0,98.80820561899999
436,0,28.391039297,0,0.0,68211.0,234.92961744
437,1,48.077531472,1,3.0,39604.0,118.77826456
438,0,39.707988066999995,0,0.0,69559.0,178.01583301
439,0,34.05349114,0,0.0,123082.0,205.44151908
440,1,37.773300594,0,0.0,77741.0,68.890096166
441,0,35.290583198,0,0.0,94704.0,93.261713389
442,1,28.454712858,1,0.0,68994.0,137.78400363
443,1,36.987085694,0,0.0,102921.0,256.25308431
444,0,34.785132563000005,2,1.0,72387.0,182.18178223
445,1,38.263600731,0,0.0,47471.0,70.491080032
446,0,35.901463044,0,0.0,80837.0,126.91272316
447,0,32.391146387,0,0.0,84022.0,206.79736096
448,1,27.69600093,3,0.0,101136.0,107.38846759
449,0,38.327816354,1,0.0,100796.0,243.94168588
450,0,31.495945715,0,0.0,69532.0,108.31608023
451,0,40.540295366,1,0.0,198168.0,355.1639113
452,0,41.077117828,0,0.0,114815.0,239.74372086
453,0,41.832674280999996,2,0.0,46091.0,205.6506602
454,1,57.995018623,0,0.0,122124.0,58.895685895
455,1,50.352998788,0,4.0,116160.0,130.36036182
456,1,37.969304541,0,0.0,99755.0,129.56430076
457,0,24.227319339,0,0.0,37345.0,191.07565590000002
458,0,29.96620202,0,0.0,73764.0,263.93117074
459,1,40.929793264000004,2,0.0,224630.0,73.469630013
460,0,36.056437466999995,0,0.0,136877.0,168.95996818
461,0,21.981066451999997,0,0.0,68444.0,262.07916362
462,1,38.917999879,0,0.0,49326.0,171.59766853
463,0,23.810173361999997,0,0.0,49836.0,120.02585206
464,0,38.640277109,0,0.0,78007.0,55.35880309
465,1,43.680965012,0,0.0,130818.0,112.59185049999999
466,1,41.210107042,0,0.0,63065.0,218.48527507
467,0,22.003376409,1,0.0,113223.0,237.09808129
468,1,44.21676389,2,2.0,77400.0,214.06037616
469,1,25.448844532,0,0.0,68609.0,46.272175955
470,0,34.780920331,1,0.0,67208.0,60.457004767
471,0,35.878988299999996,0,0.0,203815.0,70.853327642
472,0,34.302973903,0,0.0,205493.0,148.13723935
473,0,32.719421241,0,0.0,147601.0,161.25574183
474,1,32.921400637,0,0.0,71694.0,48.498970842
475,0,35.311552628,0,0.0,122952.0,332.64504738
476,0,41.572971521999996,0,0.0,114224.0,203.46897898
477,0,39.048427763,0,0.0,267506.0,240.21701392
478,0,31.545694154,0,0.0,101208.0,140.05163825
479,0,41.928469494,0,0.0,182140.0,214.33056821
480,1,43.789499295,0,0.0,291222.0,228.14645828
481,1,36.044251755,0,0.0,85464.0,117.9983043
482,0,40.206106424,0,1.0,139133.0,195.45882578
483,1,24.605128805,0,1.0,39293.0,145.76577376
484,0,25.562881927,0,0.0,173566.0,292.03418548
485,0,28.493861936,0,0.0,48309.0,265.2270609
486,0,42.183538672,0,0.0,82819.0,125.13062556
487,1,44.751572195,0,4.0,188899.0,67.40828496600001
488,1,84.61388869,0,0.0,111627.0,87.00250010799999
489,1,33.620883435,0,0.0,136249.0,97.544252184
490,0,34.540809521999996,0,0.0,161366.0,195.64233318
491,0,41.841690898,0,0.0,138953.0,110.05419832
492,0,33.334411917,0,0.0,104348.0,141.04682436
493,0,43.454512148999996,2,0.0,65211.0,118.56966954
494,0,40.015070568,0,0.0,66143.0,320.23488221
495,1,23.20471329,3,1.0,116814.0,120.78139621
496,0,38.821021323000004,0,0.0,52411.0,253.31804334
497,1,37.952179906,0,0.0,68139.0,31.16869601
498,1,35.759760239,10,0.0,192642.0,192.6716931
499,1,31.276715679000002,0,0.0,36739.0,79.458845053
500,1,41.117887486,0,6.0,112115.0,178.65958941
501,0,37.996923331,0,0.0,91413.0,230.68023074
502,1,48.277591224,0,0.0,109183.0,177.61164796
503,0,36.774639954,2,1.0,83727.0,176.93524748
504,1,32.676640875,0,0.0,122205.0,172.21327665
505,1,34.627659402,1,1.0,146520.0,284.3680178999999
506,0,39.351893191,0,0.0,252724.0,252.98507166
507,0,33.518480526,0,0.0,100335.0,93.15954490700001
508,0,33.670908179,1,0.0,109386.0,175.54256546
509,1,24.393714522,1,2.0,59348.0,176.53032737
510,1,45.554415483,5,0.0,135447.0,129.78013164
511,0,35.425579192,0,0.0,96397.0,80.155757172
512,0,30.587728164,0,0.0,52804.0,109.36568457
513,1,48.977731698,0,0.0,144076.0,110.19319627
514,1,47.590528653,0,0.0,167619.0,135.95180823
515,0,37.008526928,0,0.0,106557.0,149.45252906
516,0,35.243120856,0,0.0,44195.0,91.923528914
517,0,32.396509486999996,0,0.0,82768.0,184.19341758
518,0,37.763211014,0,0.0,37980.0,219.30936478
519,0,40.00125599,0,0.0,60249.0,110.55227739
520,0,38.495065962,0,0.0,100505.0,87.44666334
521,1,44.382577891000004,0,2.0,143796.0,135.23283605
522,0,21.679278339,0,0.0,116683.0,141.84139798
523,1,36.759984664,7,0.0,101503.0,145.95301782
524,0,24.20235008,0,0.0,86546.0,244.14050903
525,0,39.656334058,0,0.0,183208.0,205.77680196
526,0,24.016769941,4,0.0,63942.0,227.56368402
527,1,41.344845835,0,0.0,63745.0,105.53037606
528,1,36.525172928,4,1.0,99756.0,354.65022495
529,1,50.17306502899999,0,0.0,89036.0,91.97034976
530,1,31.891314261999998,0,0.0,70244.0,106.85542816
531,1,36.122885906,8,0.0,105228.0,122.84395119
532,0,43.304658069,0,0.0,186023.0,203.57585973
533,1,56.961838568999994,0,0.0,116967.0,171.50625674
534,0,38.999754155,0,0.0,68951.0,188.97861712
535,1,36.611156973,0,0.0,48574.0,132.4016914
536,1,65.495243152,0,0.0,53969.0,276.38174269
537,1,40.436704805,1,3.0,84990.0,166.17939921
538,1,41.463373328,0,0.0,76416.0,28.011491753
539,0,38.974293529,0,0.0,76502.0,58.560174005
540,1,61.89063458,0,0.0,113931.0,138.13350449
541,0,36.205114552,0,0.0,123854.0,340.7444307
542,0,25.372047645,0,0.0,90805.0,160.73226514
543,1,26.457524449,3,0.0,113947.0,151.81738872
544,0,23.397362241,0,0.0,42751.0,86.64182332600001
545,0,42.343420263,0,0.0,118839.0,99.69383245899999
546,0,42.009813582,0,0.0,130784.0,147.12839778
547,1,38.079761821999995,0,0.0,148722.0,159.16923466
548,1,43.215233511,7,0.0,71303.0,246.31867494
549,0,38.563080996,0,0.0,49100.0,262.94843765
550,0,24.356593556999997,0,0.0,202989.0,276.06634632
551,1,38.874158603000005,0,0.0,47387.0,164.49002127
552,0,29.011327721,0,0.0,171024.0,119.60347765
553,1,42.571889924000004,0,0.0,115850.0,137.53887762
554,0,26.692666626999998,0,0.0,92112.0,95.34376502
555,1,76.421478047,0,0.0,170052.0,199.73871138
556,1,43.458327417,0,0.0,512650.0,197.51668389
557,1,32.710204856,0,0.0,224716.0,182.06846112
558,1,40.206333768,0,0.0,46925.0,178.00238341
559,1,33.126483967,2,0.0,48502.0,48.995845001999996
560,0,26.55949496,0,0.0,207647.0,218.59599134
561,1,34.639961398000004,1,0.0,88627.0,219.67280084
562,1,31.983686037,0,0.0,57518.0,80.168479422
563,0,39.816800565,0,0.0,115077.0,253.32937133
564,1,34.015914976,1,0.0,75372.0,217.02094018
565,0,27.900263904000003,0,0.0,209364.0,221.12855483
566,1,41.027966747,0,1.0,84008.0,76.04208692600001
567,0,38.266573205,0,0.0,106757.0,282.75969838
568,1,45.25528966,2,4.0,35184.0,134.6489043
569,1,67.32490355,0,0.0,54536.0,156.48210569999998
570,0,34.429631975999996,0,0.0,127049.0,145.10187268
571,1,27.691648158000003,4,0.0,71345.0,132.83675752
572,1,38.942759641,1,1.0,82764.0,188.33742177
573,1,34.494708965,1,0.0,46645.0,136.32063746
574,0,32.327495049,0,0.0,78358.0,141.93115618
575,1,25.34174093,0,0.0,37533.0,74.449294767
576,0,40.978635321999995,0,0.0,92148.0,119.14584404
577,1,43.197242061000004,0,0.0,39992.0,149.87462567
578,1,64.775727757,0,0.0,87971.0,56.667099395
579,0,33.19212531,1,0.0,113247.0,294.75203341
580,0,35.871958946,0,0.0,266430.0,243.73241747
581,1,62.559307823000005,2,3.0,146222.0,123.89341974
582,1,31.012748928,2,0.0,167157.0,239.22703591
583,1,36.46319167,0,0.0,44605.0,126.73042833
584,1,2.8302971697,1,2.0,128923.0,114.46195526
585,1,37.971354949,4,1.0,190797.0,313.42732166
586,0,20.344582168,0,0.0,56961.0,116.81770737
587,1,39.158084834,3,1.0,64074.0,89.86105825
588,1,1.8555399803000001,1,0.0,92255.0,214.03253889
589,0,30.181217161,0,0.0,235912.0,236.50811644
590,0,18.324935275999998,0,0.0,51720.0,123.21810499
591,1,37.393526416,0,0.0,39816.0,130.64393328
592,0,36.263336197,0,0.0,76100.0,222.83211812
593,0,41.482142965,0,0.0,94071.0,221.22314273
594,0,34.599060194,0,0.0,91703.0,124.18217879999999
595,1,43.875610821,0,0.0,66403.0,172.55155504
596,1,30.37586285,2,0.0,85454.0,335.98931518
597,1,38.345340781,0,3.0,89339.0,102.46098622
598,0,38.948918735,0,0.0,109238.0,115.55751256
599,1,45.195495871000006,5,0.0,77704.0,73.087538893
600,0,30.78315421,0,0.0,100040.0,138.94245756
601,1,43.762930265,2,3.0,71257.0,206.51873487
602,0,35.734856373,0,1.0,165451.0,225.32367218
603,0,24.761899592,0,0.0,105737.0,121.298029
604,0,33.416148272,0,0.0,42834.0,50.419594354
605,0,30.271092445,0,0.0,90051.0,138.99051437
606,1,35.428415656,0,0.0,162403.0,163.49899419999997
607,1,42.803421995,0,0.0,89068.0,94.78223069399999
608,1,35.38186329,0,1.0,80550.0,116.43790759999999
609,1,47.120580493,3,0.0,81579.0,272.93829900000003
610,1,31.757270694000002,0,0.0,95617.0,138.64686318
611,1,47.417376045,1,0.0,244322.0,184.52328535
612,0,29.535058556,0,0.0,99494.0,134.85999691
613,1,29.299550944,0,0.0,48278.0,171.07510456
614,0,32.175036059,0,0.0,81012.0,242.94051409
615,0,20.929729402,0,0.0,59993.0,111.23759721
616,0,24.35085757,0,0.0,103344.0,104.40459654
617,0,39.483913745,0,0.0,237546.0,291.6334148
618,1,,1,,,127.0
619,0,1.0,1,,122021.0,143.0
620,0,149.823436945,0,0.0,318005.0,768.67699325
621,0,149.823436945,0,0.0,318005.0,768.67699325
622,0,149.823436945,0,0.0,318005.0,768.67699325
623,0,149.823436945,0,0.0,318005.0,768.67699325
